f,t,1,2,3,4,5,6,7,distance,time
0,23029,99999,99999,99999,99999,99999,99999,99999,39,68
0,15457,99999,3060,3061,2781,2111,1931,1224,38,67
0,23688,99999,3060,3061,2781,2111,1931,1224,24,43
0,25110,99999,3060,3061,2781,2111,1931,1224,20,36
0,22196,99999,99999,99999,99999,2450,99999,99999,40,70
0,23717,99999,3060,3061,2781,2111,1931,1224,55,96
0,24170,99999,3060,3061,2781,2111,1931,1224,42,73
0,22693,99999,3060,3061,2781,2111,1931,1224,45,79
0,23711,99999,3060,3061,2781,2111,1931,1224,33,58
0,24051,99999,3060,3061,2781,2111,1931,1224,43,75
0,2651,99999,3060,3061,2781,2111,1931,1224,45,78
0,23894,99999,3060,3061,2781,2111,1931,1224,46,81
0,24698,99999,3060,3061,2781,2111,1931,1224,36,64
0,958,99999,3060,3061,2781,2111,1931,1224,55,95
0,25152,99999,3060,3061,2781,2111,1931,1224,27,48
0,24444,99999,3060,3061,2781,2111,1931,1224,24,43
0,16730,99999,3060,3061,2781,2111,1931,1224,24,43
0,23895,99999,3060,3061,2781,2111,1931,1224,50,88
0,22803,99999,3060,3061,2781,2111,1931,1224,27,48
0,21316,99999,3060,3061,2781,2111,1931,1224,51,89
0,24394,99999,3060,3061,2781,2111,1931,1224,126,217
0,22861,99999,4283,4283,3902,3110,99999,99999,48,84
0,23716,99999,3775,3776,3435,2450,2189,1529,317,545
0,25038,99999,9762,9763,8898,6268,99999,99999,46,81
0,23348,99999,3775,3776,3435,2450,2189,1529,32,56
0,24172,99999,3060,3061,2781,2111,1931,1224,37,64
0,19413,99999,3060,3061,2781,2111,1931,1224,73,126
0,940,99999,5302,5302,4822,3852,99999,99999,118,203
0,4425,99999,4283,99999,99999,3110,99999,99999,39,69
0,22820,99999,4080,4080,3708,2995,99999,99999,162,279
0,21367,99999,7306,7306,6650,4689,99999,99999,347,597
0,23640,99999,9711,9712,8857,6058,99999,99999,120,208
0,17606,99999,4283,99999,99999,99999,99999,99999,98,170
0,6410,99999,5110,5110,4648,3710,99999,99999,96,165
0,25167,99999,4032,4032,3669,2785,99999,99999,98,170
0,14363,99999,5110,5110,4648,3710,99999,99999,32,56
0,25181,99999,3060,3061,2781,2111,1931,1224,229,394
0,21987,99999,99999,99999,4781,99999,99999,99999,36,63
0,18240,99999,3060,3061,2781,2111,1931,1224,26,45
0,23452,99999,3195,3196,2905,2022,99999,99999,86,148
0,23080,99999,4528,4528,4119,3286,99999,99999,48,84
23029,15457,99999,100,100,100,100,100,100,3,7
23029,23688,99999,99999,99999,99999,99999,99999,99999,19,33
23029,25110,99999,99999,99999,99999,99999,99999,99999,19,35
23029,22196,99999,99999,99999,99999,99999,99999,99999,17,31
23029,23717,99999,99999,99999,99999,99999,99999,99999,13,24
23029,24170,99999,100,100,100,100,100,100,9,16
23029,22693,99999,99999,99999,99999,99999,99999,99999,26,45
23029,23711,99999,100,100,100,100,100,100,7,13
23029,24051,99999,99999,99999,99999,99999,99999,99999,26,46
23029,2651,99999,99999,99999,99999,99999,99999,99999,21,38
23029,23894,99999,100,100,100,100,100,100,8,15
23029,24698,99999,100,100,100,100,100,100,5,11
23029,958,99999,99999,99999,99999,99999,99999,99999,15,26
23029,25152,99999,99999,99999,99999,99999,99999,99999,10,19
23029,24444,99999,99999,99999,99999,99999,99999,99999,13,24
23029,16730,99999,99999,99999,99999,99999,99999,99999,19,33
23029,23895,99999,99999,99999,99999,99999,99999,99999,12,21
23029,22803,99999,99999,99999,99999,99999,99999,99999,10,19
23029,21316,99999,99999,99999,99999,99999,99999,99999,24,43
23029,24394,99999,99999,99999,99999,99999,99999,99999,154,265
23029,22861,99999,99999,99999,99999,99999,99999,99999,23,41
23029,23716,99999,99999,99999,99999,99999,99999,99999,329,566
23029,25038,99999,99999,99999,99999,99999,99999,99999,37,64
23029,23348,99999,100,100,100,100,100,100,8,15
23029,24172,99999,99999,99999,99999,99999,99999,99999,15,28
23029,19413,99999,99999,99999,99999,99999,99999,99999,95,163
23029,940,99999,99999,99999,99999,99999,99999,99999,146,252
23029,4425,99999,99999,99999,99999,99999,99999,99999,66,115
23029,22820,99999,99999,99999,99999,99999,99999,99999,195,335
23029,21367,99999,99999,99999,99999,99999,99999,99999,348,598
23029,23640,99999,99999,99999,99999,99999,99999,99999,151,260
23029,17606,99999,99999,99999,99999,99999,99999,99999,55,96
23029,6410,99999,99999,99999,99999,99999,99999,99999,81,140
23029,25167,99999,99999,99999,99999,99999,99999,99999,55,96
23029,14363,99999,100,100,100,100,100,100,8,15
23029,25181,99999,99999,99999,99999,99999,99999,99999,231,397
23029,21987,99999,99999,99999,99999,99999,99999,99999,22,39
23029,18240,99999,99999,99999,99999,99999,99999,99999,19,34
23029,23452,99999,99999,99999,99999,99999,99999,99999,36,63
23029,23080,99999,99999,99999,99999,99999,99999,99999,23,41
15457,23688,99999,99999,99999,99999,99999,99999,99999,22,40
15457,25110,99999,99999,99999,99999,99999,99999,99999,23,40
15457,22196,99999,99999,99999,99999,99999,99999,99999,21,38
15457,23717,99999,99999,99999,99999,99999,99999,99999,13,24
15457,24170,99999,100,100,100,100,100,100,9,16
15457,22693,99999,99999,99999,99999,99999,99999,99999,29,50
15457,23711,99999,99999,99999,99999,99999,99999,99999,10,19
15457,24051,99999,99999,99999,99999,99999,99999,99999,30,52
15457,2651,99999,99999,99999,99999,99999,99999,99999,24,43
15457,23894,99999,99999,99999,99999,99999,99999,99999,11,21
15457,24698,99999,100,100,100,100,100,100,8,15
15457,958,99999,99999,99999,99999,99999,99999,99999,17,31
15457,25152,99999,99999,99999,99999,99999,99999,99999,14,25
15457,24444,99999,99999,99999,99999,99999,99999,99999,17,30
15457,16730,99999,99999,99999,99999,99999,99999,99999,22,40
15457,23895,99999,99999,99999,99999,99999,99999,99999,14,26
15457,22803,99999,99999,99999,99999,99999,99999,99999,14,25
15457,21316,99999,99999,99999,99999,99999,99999,99999,28,50
15457,24394,99999,99999,99999,99999,99999,99999,99999,154,266
15457,22861,99999,99999,99999,99999,99999,99999,99999,19,35
15457,23716,99999,99999,99999,99999,99999,99999,99999,327,562
15457,25038,99999,99999,99999,99999,99999,99999,99999,40,71
15457,23348,99999,99999,99999,99999,99999,99999,99999,11,21
15457,24172,99999,99999,99999,99999,99999,99999,99999,19,34
15457,19413,99999,99999,99999,99999,99999,99999,99999,94,163
15457,940,99999,99999,99999,99999,99999,99999,99999,146,252
15457,4425,99999,99999,99999,99999,99999,99999,99999,69,119
15457,22820,99999,99999,99999,99999,99999,99999,99999,196,337
15457,21367,99999,99999,99999,99999,99999,99999,99999,346,594
15457,23640,99999,99999,99999,99999,99999,99999,99999,151,261
15457,17606,99999,99999,99999,99999,99999,99999,99999,58,100
15457,6410,99999,99999,99999,99999,99999,99999,99999,83,144
15457,25167,99999,99999,99999,99999,99999,99999,99999,58,100
15457,14363,99999,99999,99999,99999,99999,99999,99999,11,21
15457,25181,99999,99999,99999,99999,99999,99999,99999,229,394
15457,21987,99999,99999,99999,99999,99999,99999,99999,26,45
15457,18240,99999,99999,99999,99999,99999,99999,99999,19,34
15457,23452,99999,99999,99999,99999,99999,99999,99999,33,58
15457,23080,99999,99999,99999,99999,99999,99999,99999,19,35
23688,25110,99999,100,100,100,100,100,100,4,8
23688,22196,99999,100,100,100,100,100,100,3,7
23688,23717,99999,99999,99999,99999,99999,99999,99999,27,47
23688,24170,99999,99999,99999,99999,99999,99999,99999,26,46
23688,22693,99999,99999,99999,99999,99999,99999,99999,20,36
23688,23711,99999,99999,99999,99999,99999,99999,99999,12,22
23688,24051,99999,99999,99999,99999,99999,99999,99999,18,32
23688,2651,99999,99999,99999,99999,99999,99999,99999,20,36
23688,23894,99999,99999,99999,99999,99999,99999,99999,13,24
23688,24698,99999,99999,99999,99999,99999,99999,99999,23,41
23688,958,99999,99999,99999,99999,99999,99999,99999,18,32
23688,25152,99999,100,100,100,100,100,100,8,15
23688,24444,99999,100,100,100,100,100,100,6,11
23688,16730,99999,100,100,100,100,100,100,0,0
23688,23895,99999,99999,99999,99999,99999,99999,99999,17,31
23688,22803,99999,100,100,100,100,100,100,8,15
23688,21316,99999,100,100,100,100,100,100,8,15
23688,24394,99999,99999,99999,99999,99999,99999,99999,150,259
23688,22861,99999,99999,99999,99999,99999,99999,99999,40,70
23688,23716,99999,99999,99999,99999,99999,99999,99999,337,580
23688,25038,99999,99999,99999,99999,99999,99999,99999,19,33
23688,23348,99999,99999,99999,99999,99999,99999,99999,12,22
23688,24172,99999,99999,99999,99999,99999,99999,99999,12,22
23688,19413,99999,99999,99999,99999,99999,99999,99999,94,162
23688,940,99999,99999,99999,99999,99999,99999,99999,143,246
23688,4425,99999,99999,99999,99999,99999,99999,99999,51,89
23688,22820,99999,99999,99999,99999,99999,99999,99999,195,336
23688,21367,99999,99999,99999,99999,99999,99999,99999,356,612
23688,23640,99999,99999,99999,99999,99999,99999,99999,148,255
23688,17606,99999,99999,99999,99999,99999,99999,99999,49,86
23688,6410,99999,99999,99999,99999,99999,99999,99999,73,126
23688,25167,99999,99999,99999,99999,99999,99999,99999,49,86
23688,14363,99999,99999,99999,99999,99999,99999,99999,12,22
23688,25181,99999,99999,99999,99999,99999,99999,99999,239,411
23688,21987,99999,100,100,100,100,100,100,4,7
23688,18240,99999,99999,99999,99999,99999,99999,99999,25,43
23688,23452,99999,99999,99999,99999,99999,99999,99999,85,148
23688,23080,99999,99999,99999,99999,99999,99999,99999,40,70
25110,22196,99999,100,100,100,100,100,100,7,14
25110,23717,99999,99999,99999,99999,99999,99999,99999,29,51
25110,24170,99999,99999,99999,99999,99999,99999,99999,26,46
25110,22693,99999,99999,99999,99999,99999,99999,99999,24,43
25110,23711,99999,99999,99999,99999,99999,99999,99999,12,22
25110,24051,99999,99999,99999,99999,99999,99999,99999,22,39
25110,2651,99999,99999,99999,99999,99999,99999,99999,24,43
25110,23894,99999,99999,99999,99999,99999,99999,99999,16,28
25110,24698,99999,99999,99999,99999,99999,99999,99999,20,35
25110,958,99999,99999,99999,99999,99999,99999,99999,20,35
25110,25152,99999,100,100,100,100,100,100,9,17
25110,24444,99999,100,100,100,100,100,100,6,11
25110,16730,99999,100,100,100,100,100,100,4,8
25110,23895,99999,99999,99999,99999,99999,99999,99999,20,36
25110,22803,99999,100,100,100,100,100,100,9,17
25110,21316,99999,99999,99999,99999,99999,99999,99999,11,21
25110,24394,99999,99999,99999,99999,99999,99999,99999,146,252
25110,22861,99999,99999,99999,99999,99999,99999,99999,39,69
25110,23716,99999,99999,99999,99999,99999,99999,99999,334,573
25110,25038,99999,99999,99999,99999,99999,99999,99999,21,37
25110,23348,99999,99999,99999,99999,99999,99999,99999,14,26
25110,24172,99999,99999,99999,99999,99999,99999,99999,16,29
25110,19413,99999,99999,99999,99999,99999,99999,99999,90,155
25110,940,99999,99999,99999,99999,99999,99999,99999,138,239
25110,4425,99999,99999,99999,99999,99999,99999,99999,48,84
25110,22820,99999,99999,99999,99999,99999,99999,99999,182,313
25110,21367,99999,99999,99999,99999,99999,99999,99999,352,605
25110,23640,99999,99999,99999,99999,99999,99999,99999,144,248
25110,17606,99999,99999,99999,99999,99999,99999,99999,53,93
25110,6410,99999,99999,99999,99999,99999,99999,99999,76,132
25110,25167,99999,99999,99999,99999,99999,99999,99999,53,93
25110,14363,99999,99999,99999,99999,99999,99999,99999,14,26
25110,25181,99999,99999,99999,99999,99999,99999,99999,235,404
25110,21987,99999,100,100,100,100,100,100,7,13
25110,18240,99999,99999,99999,99999,99999,99999,99999,22,39
25110,23452,99999,99999,99999,99999,99999,99999,99999,56,97
25110,23080,99999,99999,99999,99999,99999,99999,99999,39,69
22196,23717,99999,99999,99999,99999,99999,99999,99999,24,42
22196,24170,99999,99999,99999,99999,99999,99999,99999,21,38
22196,22693,99999,99999,99999,99999,99999,99999,99999,17,30
22196,23711,99999,99999,99999,99999,99999,99999,99999,12,22
22196,24051,99999,99999,99999,99999,99999,99999,99999,15,26
22196,2651,99999,99999,99999,99999,99999,99999,99999,16,30
22196,23894,99999,99999,99999,99999,99999,99999,99999,11,20
22196,24698,99999,99999,99999,99999,99999,99999,99999,15,28
22196,958,99999,99999,99999,99999,99999,99999,99999,13,23
22196,25152,99999,100,100,100,100,100,100,7,14
22196,24444,99999,100,100,100,100,100,100,6,12
22196,16730,99999,100,100,100,100,100,100,3,7
22196,23895,99999,99999,99999,99999,99999,99999,99999,14,26
22196,22803,99999,100,100,100,100,100,100,7,14
22196,21316,99999,100,100,100,100,100,100,7,13
22196,24394,99999,99999,99999,99999,99999,99999,99999,154,265
22196,22861,99999,99999,99999,99999,99999,99999,99999,40,70
22196,23716,99999,99999,99999,99999,99999,99999,99999,340,584
22196,25038,99999,99999,99999,99999,99999,99999,99999,19,34
22196,23348,99999,99999,99999,99999,99999,99999,99999,10,18
22196,24172,99999,100,100,100,100,100,100,9,16
22196,19413,99999,99999,99999,99999,99999,99999,99999,97,168
22196,940,99999,99999,99999,99999,99999,99999,99999,146,252
22196,4425,99999,99999,99999,99999,99999,99999,99999,55,95
22196,22820,99999,99999,99999,99999,99999,99999,99999,190,327
22196,21367,99999,99999,99999,99999,99999,99999,99999,358,616
22196,23640,99999,99999,99999,99999,99999,99999,99999,151,261
22196,17606,99999,99999,99999,99999,99999,99999,99999,46,80
22196,6410,99999,99999,99999,99999,99999,99999,99999,70,121
22196,25167,99999,99999,99999,99999,99999,99999,99999,46,80
22196,14363,99999,99999,99999,99999,99999,99999,99999,10,18
22196,25181,99999,99999,99999,99999,99999,99999,99999,241,415
22196,21987,99999,100,100,100,100,100,100,4,9
22196,18240,99999,99999,99999,99999,99999,99999,99999,26,47
22196,23452,99999,99999,99999,99999,99999,99999,99999,52,91
22196,23080,99999,99999,99999,99999,99999,99999,99999,40,70
23717,24170,99999,100,100,100,100,100,100,4,9
23717,22693,99999,99999,99999,99999,99999,99999,99999,22,39
23717,23711,99999,99999,99999,99999,99999,99999,99999,19,34
23717,24051,99999,99999,99999,99999,99999,99999,99999,24,43
23717,2651,99999,99999,99999,99999,99999,99999,99999,16,29
23717,23894,99999,99999,99999,99999,99999,99999,99999,13,24
23717,24698,99999,99999,99999,99999,99999,99999,99999,10,19
23717,958,99999,99999,99999,99999,99999,99999,99999,16,28
23717,25152,99999,99999,99999,99999,99999,99999,99999,20,35
23717,24444,99999,99999,99999,99999,99999,99999,99999,23,41
23717,16730,99999,99999,99999,99999,99999,99999,99999,27,47
23717,23895,99999,100,100,100,100,100,100,9,18
23717,22803,99999,99999,99999,99999,99999,99999,99999,20,35
23717,21316,99999,99999,99999,99999,99999,99999,99999,29,51
23717,24394,99999,99999,99999,99999,99999,99999,99999,168,289
23717,22861,99999,99999,99999,99999,99999,99999,99999,30,52
23717,23716,99999,99999,99999,99999,99999,99999,99999,339,583
23717,25038,99999,99999,99999,99999,99999,99999,99999,41,71
23717,23348,99999,99999,99999,99999,99999,99999,99999,14,26
23717,24172,99999,99999,99999,99999,99999,99999,99999,16,29
23717,19413,99999,99999,99999,99999,99999,99999,99999,108,187
23717,940,99999,99999,99999,99999,99999,99999,99999,160,275
23717,4425,99999,99999,99999,99999,99999,99999,99999,78,135
23717,22820,99999,99999,99999,99999,99999,99999,99999,223,383
23717,21367,99999,99999,99999,99999,99999,99999,99999,358,615
23717,23640,99999,99999,99999,99999,99999,99999,99999,165,284
23717,17606,99999,99999,99999,99999,99999,99999,99999,47,82
23717,6410,99999,99999,99999,99999,99999,99999,99999,73,126
23717,25167,99999,99999,99999,99999,99999,99999,99999,47,82
23717,14363,99999,99999,99999,99999,99999,99999,99999,14,26
23717,25181,99999,99999,99999,99999,99999,99999,99999,242,415
23717,21987,99999,99999,99999,99999,99999,99999,99999,29,50
23717,18240,99999,99999,99999,99999,99999,99999,99999,32,57
23717,23452,99999,99999,99999,99999,99999,99999,99999,30,53
23717,23080,99999,99999,99999,99999,99999,99999,99999,30,52
24170,22693,99999,99999,99999,99999,99999,99999,99999,26,46
24170,23711,99999,99999,99999,99999,99999,99999,99999,16,29
24170,24051,99999,99999,99999,99999,99999,99999,99999,27,48
24170,2651,99999,99999,99999,99999,99999,99999,99999,18,33
24170,23894,99999,99999,99999,99999,99999,99999,99999,10,19
24170,24698,99999,100,100,100,100,100,100,5,10
24170,958,99999,99999,99999,99999,99999,99999,99999,14,25
24170,25152,99999,99999,99999,99999,99999,99999,99999,22,38
24170,24444,99999,99999,99999,99999,99999,99999,99999,20,36
24170,16730,99999,99999,99999,99999,99999,99999,99999,26,46
24170,23895,99999,99999,99999,99999,99999,99999,99999,11,21
24170,22803,99999,99999,99999,99999,99999,99999,99999,22,38
24170,21316,99999,99999,99999,99999,99999,99999,99999,27,47
24170,24394,99999,99999,99999,99999,99999,99999,99999,167,288
24170,22861,99999,99999,99999,99999,99999,99999,99999,30,52
24170,23716,99999,99999,99999,99999,99999,99999,99999,332,570
24170,25038,99999,99999,99999,99999,99999,99999,99999,54,94
24170,23348,99999,99999,99999,99999,99999,99999,99999,11,21
24170,24172,99999,99999,99999,99999,99999,99999,99999,17,31
24170,19413,99999,99999,99999,99999,99999,99999,99999,114,197
24170,940,99999,99999,99999,99999,99999,99999,99999,155,266
24170,4425,99999,99999,99999,99999,99999,99999,99999,75,130
24170,22820,99999,99999,99999,99999,99999,99999,99999,221,379
24170,21367,99999,99999,99999,99999,99999,99999,99999,346,595
24170,23640,99999,99999,99999,99999,99999,99999,99999,162,279
24170,17606,99999,99999,99999,99999,99999,99999,99999,53,92
24170,6410,99999,99999,99999,99999,99999,99999,99999,97,167
24170,25167,99999,99999,99999,99999,99999,99999,99999,53,92
24170,14363,99999,99999,99999,99999,99999,99999,99999,11,21
24170,25181,99999,99999,99999,99999,99999,99999,99999,228,392
24170,21987,99999,99999,99999,99999,99999,99999,99999,43,76
24170,18240,99999,99999,99999,99999,99999,99999,99999,35,61
24170,23452,99999,99999,99999,99999,99999,99999,99999,34,60
24170,23080,99999,99999,99999,99999,99999,99999,99999,30,52
22693,23711,99999,99999,99999,99999,99999,99999,99999,33,57
22693,24051,99999,100,100,100,100,100,100,7,13
22693,2651,99999,100,100,100,100,100,100,9,17
22693,23894,99999,99999,99999,99999,99999,99999,99999,23,40
22693,24698,99999,99999,99999,99999,99999,99999,99999,21,38
22693,958,99999,99999,99999,99999,99999,99999,99999,13,23
22693,25152,99999,99999,99999,99999,99999,99999,99999,19,35
22693,24444,99999,99999,99999,99999,99999,99999,99999,27,48
22693,16730,99999,99999,99999,99999,99999,99999,99999,24,42
22693,23895,99999,99999,99999,99999,99999,99999,99999,16,28
22693,22803,99999,99999,99999,99999,99999,99999,99999,19,35
22693,21316,99999,99999,99999,99999,99999,99999,99999,20,35
22693,24394,99999,99999,99999,99999,99999,99999,99999,178,307
22693,22861,99999,99999,99999,99999,99999,99999,99999,46,81
22693,23716,99999,99999,99999,99999,99999,99999,99999,348,599
22693,25038,99999,99999,99999,99999,99999,99999,99999,30,53
22693,23348,99999,99999,99999,99999,99999,99999,99999,25,44
22693,24172,99999,99999,99999,99999,99999,99999,99999,10,18
22693,19413,99999,99999,99999,99999,99999,99999,99999,125,216
22693,940,99999,99999,99999,99999,99999,99999,99999,166,285
22693,4425,99999,99999,99999,99999,99999,99999,99999,78,135
22693,22820,99999,99999,99999,99999,99999,99999,99999,232,399
22693,21367,99999,99999,99999,99999,99999,99999,99999,363,623
22693,23640,99999,99999,99999,99999,99999,99999,99999,173,298
22693,17606,99999,99999,99999,99999,99999,99999,99999,35,61
22693,6410,99999,99999,99999,99999,99999,99999,99999,78,136
22693,25167,99999,99999,99999,99999,99999,99999,99999,35,61
22693,14363,99999,99999,99999,99999,99999,99999,99999,25,44
22693,25181,99999,99999,99999,99999,99999,99999,99999,244,420
22693,21987,99999,99999,99999,99999,99999,99999,99999,23,40
22693,18240,99999,99999,99999,99999,99999,99999,99999,51,89
22693,23452,99999,99999,99999,99999,99999,99999,99999,64,110
22693,23080,99999,99999,99999,99999,99999,99999,99999,46,81
23711,24051,99999,99999,99999,99999,99999,99999,99999,34,60
23711,2651,99999,99999,99999,99999,99999,99999,99999,26,45
23711,23894,99999,99999,99999,99999,99999,99999,99999,13,23
23711,24698,99999,99999,99999,99999,99999,99999,99999,11,20
23711,958,99999,99999,99999,99999,99999,99999,99999,21,38
23711,25152,99999,100,100,100,100,100,100,8,14
23711,24444,99999,100,100,100,100,100,100,6,12
23711,16730,99999,99999,99999,99999,99999,99999,99999,12,22
23711,23895,99999,99999,99999,99999,99999,99999,99999,17,30
23711,22803,99999,100,100,100,100,100,100,8,14
23711,21316,99999,99999,99999,99999,99999,99999,99999,22,39
23711,24394,99999,99999,99999,99999,99999,99999,99999,153,264
23711,22861,99999,99999,99999,99999,99999,99999,99999,29,52
23711,23716,99999,99999,99999,99999,99999,99999,99999,332,570
23711,25038,99999,99999,99999,99999,99999,99999,99999,40,70
23711,23348,99999,100,100,100,100,100,100,8,15
23711,24172,99999,99999,99999,99999,99999,99999,99999,17,31
23711,19413,99999,99999,99999,99999,99999,99999,99999,100,172
23711,940,99999,99999,99999,99999,99999,99999,99999,140,242
23711,4425,99999,99999,99999,99999,99999,99999,99999,61,106
23711,22820,99999,99999,99999,99999,99999,99999,99999,206,355
23711,21367,99999,99999,99999,99999,99999,99999,99999,346,594
23711,23640,99999,99999,99999,99999,99999,99999,99999,148,254
23711,17606,99999,99999,99999,99999,99999,99999,99999,60,104
23711,6410,99999,99999,99999,99999,99999,99999,99999,104,179
23711,25167,99999,99999,99999,99999,99999,99999,99999,60,104
23711,14363,99999,100,100,100,100,100,100,8,15
23711,25181,99999,99999,99999,99999,99999,99999,99999,227,391
23711,21987,99999,99999,99999,99999,99999,99999,99999,30,52
23711,18240,99999,99999,99999,99999,99999,99999,99999,20,36
23711,23452,99999,99999,99999,99999,99999,99999,99999,67,116
23711,23080,99999,99999,99999,99999,99999,99999,99999,29,52
24051,2651,99999,99999,99999,99999,99999,99999,99999,11,21
24051,23894,99999,99999,99999,99999,99999,99999,99999,17,30
24051,24698,99999,99999,99999,99999,99999,99999,99999,24,42
24051,958,99999,99999,99999,99999,99999,99999,99999,15,27
24051,25152,99999,99999,99999,99999,99999,99999,99999,18,32
24051,24444,99999,99999,99999,99999,99999,99999,99999,22,39
24051,16730,99999,99999,99999,99999,99999,99999,99999,19,33
24051,23895,99999,99999,99999,99999,99999,99999,99999,18,32
24051,22803,99999,99999,99999,99999,99999,99999,99999,18,32
24051,21316,99999,99999,99999,99999,99999,99999,99999,14,26
24051,24394,99999,99999,99999,99999,99999,99999,99999,173,298
24051,22861,99999,99999,99999,99999,99999,99999,99999,49,84
24051,23716,99999,99999,99999,99999,99999,99999,99999,351,602
24051,25038,99999,99999,99999,99999,99999,99999,99999,25,44
24051,23348,99999,99999,99999,99999,99999,99999,99999,17,31
24051,24172,99999,99999,99999,99999,99999,99999,99999,10,19
24051,19413,99999,99999,99999,99999,99999,99999,99999,120,207
24051,940,99999,99999,99999,99999,99999,99999,99999,160,276
24051,4425,99999,99999,99999,99999,99999,99999,99999,73,127
24051,22820,99999,99999,99999,99999,99999,99999,99999,227,390
24051,21367,99999,99999,99999,99999,99999,99999,99999,365,627
24051,23640,99999,99999,99999,99999,99999,99999,99999,168,289
24051,17606,99999,99999,99999,99999,99999,99999,99999,34,59
24051,6410,99999,99999,99999,99999,99999,99999,99999,82,142
24051,25167,99999,99999,99999,99999,99999,99999,99999,34,59
24051,14363,99999,99999,99999,99999,99999,99999,99999,17,31
24051,25181,99999,99999,99999,99999,99999,99999,99999,246,424
24051,21987,99999,99999,99999,99999,99999,99999,99999,17,31
24051,18240,99999,99999,99999,99999,99999,99999,99999,62,107
24051,23452,99999,99999,99999,99999,99999,99999,99999,66,114
24051,23080,99999,99999,99999,99999,99999,99999,99999,49,84
2651,23894,99999,99999,99999,99999,99999,99999,99999,17,31
2651,24698,99999,99999,99999,99999,99999,99999,99999,16,29
2651,958,99999,100,100,100,100,100,100,7,14
2651,25152,99999,99999,99999,99999,99999,99999,99999,20,35
2651,24444,99999,99999,99999,99999,99999,99999,99999,32,56
2651,16730,99999,99999,99999,99999,99999,99999,99999,24,42
2651,23895,99999,99999,99999,99999,99999,99999,99999,11,20
2651,22803,99999,99999,99999,99999,99999,99999,99999,20,35
2651,21316,99999,99999,99999,99999,99999,99999,99999,26,46
2651,24394,99999,99999,99999,99999,99999,99999,99999,179,308
2651,22861,99999,99999,99999,99999,99999,99999,99999,41,72
2651,23716,99999,99999,99999,99999,99999,99999,99999,343,590
2651,25038,99999,99999,99999,99999,99999,99999,99999,36,64
2651,23348,99999,99999,99999,99999,99999,99999,99999,20,35
2651,24172,99999,99999,99999,99999,99999,99999,99999,10,19
2651,19413,99999,99999,99999,99999,99999,99999,99999,125,216
2651,940,99999,99999,99999,99999,99999,99999,99999,166,286
2651,4425,99999,99999,99999,99999,99999,99999,99999,87,150
2651,22820,99999,99999,99999,99999,99999,99999,99999,232,399
2651,21367,99999,99999,99999,99999,99999,99999,99999,358,614
2651,23640,99999,99999,99999,99999,99999,99999,99999,173,298
2651,17606,99999,99999,99999,99999,99999,99999,99999,34,59
2651,6410,99999,99999,99999,99999,99999,99999,99999,78,134
2651,25167,99999,99999,99999,99999,99999,99999,99999,34,59
2651,14363,99999,99999,99999,99999,99999,99999,99999,20,35
2651,25181,99999,99999,99999,99999,99999,99999,99999,239,411
2651,21987,99999,99999,99999,99999,99999,99999,99999,23,41
2651,18240,99999,99999,99999,99999,99999,99999,99999,46,81
2651,23452,99999,99999,99999,99999,99999,99999,99999,58,101
2651,23080,99999,99999,99999,99999,99999,99999,99999,41,72
23894,24698,99999,100,100,100,100,100,100,4,9
23894,958,99999,100,100,100,100,100,100,7,13
23894,25152,99999,100,100,100,100,100,100,6,12
23894,24444,99999,99999,99999,99999,99999,99999,99999,10,18
23894,16730,99999,99999,99999,99999,99999,99999,99999,13,24
23894,23895,99999,100,100,100,100,100,100,5,10
23894,22803,99999,100,100,100,100,100,100,6,12
23894,21316,99999,99999,99999,99999,99999,99999,99999,17,30
23894,24394,99999,99999,99999,99999,99999,99999,99999,158,272
23894,22861,99999,99999,99999,99999,99999,99999,99999,31,55
23894,23716,99999,99999,99999,99999,99999,99999,99999,337,579
23894,25038,99999,99999,99999,99999,99999,99999,99999,29,52
23894,23348,99999,100,100,100,100,100,100,1,3
23894,24172,99999,100,100,100,100,100,100,7,13
23894,19413,99999,99999,99999,99999,99999,99999,99999,99,172
23894,940,99999,99999,99999,99999,99999,99999,99999,150,258
23894,4425,99999,99999,99999,99999,99999,99999,99999,64,112
23894,22820,99999,99999,99999,99999,99999,99999,99999,196,338
23894,21367,99999,99999,99999,99999,99999,99999,99999,355,611
23894,23640,99999,99999,99999,99999,99999,99999,99999,155,267
23894,17606,99999,99999,99999,99999,99999,99999,99999,47,83
23894,6410,99999,99999,99999,99999,99999,99999,99999,73,126
23894,25167,99999,99999,99999,99999,99999,99999,99999,47,83
23894,14363,99999,100,100,100,100,100,100,1,3
23894,25181,99999,99999,99999,99999,99999,99999,99999,238,410
23894,21987,99999,99999,99999,99999,99999,99999,99999,16,28
23894,18240,99999,99999,99999,99999,99999,99999,99999,24,43
23894,23452,99999,99999,99999,99999,99999,99999,99999,41,71
23894,23080,99999,99999,99999,99999,99999,99999,99999,31,55
24698,958,99999,100,100,100,100,100,100,9,17
24698,25152,99999,99999,99999,99999,99999,99999,99999,10,18
24698,24444,99999,99999,99999,99999,99999,99999,99999,14,25
24698,16730,99999,99999,99999,99999,99999,99999,99999,18,32
24698,23895,99999,100,100,100,100,100,100,6,11
24698,22803,99999,99999,99999,99999,99999,99999,99999,10,18
24698,21316,99999,99999,99999,99999,99999,99999,99999,22,39
24698,24394,99999,99999,99999,99999,99999,99999,99999,159,274
24698,22861,99999,99999,99999,99999,99999,99999,99999,28,49
24698,23716,99999,99999,99999,99999,99999,99999,99999,335,576
24698,25038,99999,99999,99999,99999,99999,99999,99999,34,60
24698,23348,99999,100,100,100,100,100,100,5,10
24698,24172,99999,99999,99999,99999,99999,99999,99999,11,20
24698,19413,99999,99999,99999,99999,99999,99999,99999,100,173
24698,940,99999,99999,99999,99999,99999,99999,99999,151,260
24698,4425,99999,99999,99999,99999,99999,99999,99999,68,118
24698,22820,99999,99999,99999,99999,99999,99999,99999,199,342
24698,21367,99999,99999,99999,99999,99999,99999,99999,354,608
24698,23640,99999,99999,99999,99999,99999,99999,99999,156,269
24698,17606,99999,99999,99999,99999,99999,99999,99999,49,86
24698,6410,99999,99999,99999,99999,99999,99999,99999,75,130
24698,25167,99999,99999,99999,99999,99999,99999,99999,49,86
24698,14363,99999,100,100,100,100,100,100,5,10
24698,25181,99999,99999,99999,99999,99999,99999,99999,237,407
24698,21987,99999,99999,99999,99999,99999,99999,99999,20,36
24698,18240,99999,99999,99999,99999,99999,99999,99999,24,43
24698,23452,99999,99999,99999,99999,99999,99999,99999,36,63
24698,23080,99999,99999,99999,99999,99999,99999,99999,28,49
958,25152,99999,99999,99999,99999,99999,99999,99999,12,23
958,24444,99999,99999,99999,99999,99999,99999,99999,15,27
958,16730,99999,99999,99999,99999,99999,99999,99999,16,29
958,23895,99999,100,100,100,100,100,100,3,7
958,22803,99999,99999,99999,99999,99999,99999,99999,12,23
958,21316,99999,99999,99999,99999,99999,99999,99999,16,29
958,24394,99999,99999,99999,99999,99999,99999,99999,165,284
958,22861,99999,99999,99999,99999,99999,99999,99999,37,65
958,23716,99999,99999,99999,99999,99999,99999,99999,344,591
958,25038,99999,99999,99999,99999,99999,99999,99999,28,49
958,23348,99999,100,100,100,100,100,100,8,16
958,24172,99999,100,100,100,100,100,100,4,8
958,19413,99999,99999,99999,99999,99999,99999,99999,106,184
958,940,99999,99999,99999,99999,99999,99999,99999,157,270
958,4425,99999,99999,99999,99999,99999,99999,99999,68,118
958,22820,99999,99999,99999,99999,99999,99999,99999,202,348
958,21367,99999,99999,99999,99999,99999,99999,99999,363,623
958,23640,99999,99999,99999,99999,99999,99999,99999,162,279
958,17606,99999,99999,99999,99999,99999,99999,99999,40,70
958,6410,99999,99999,99999,99999,99999,99999,99999,66,114
958,25167,99999,99999,99999,99999,99999,99999,99999,40,70
958,14363,99999,100,100,100,100,100,100,8,16
958,25181,99999,99999,99999,99999,99999,99999,99999,246,423
958,21987,99999,99999,99999,99999,99999,99999,99999,17,31
958,18240,99999,99999,99999,99999,99999,99999,99999,32,56
958,23452,99999,99999,99999,99999,99999,99999,99999,42,73
958,23080,99999,99999,99999,99999,99999,99999,99999,37,65
25152,24444,99999,100,100,100,100,100,100,3,7
25152,16730,99999,100,100,100,100,100,100,9,17
25152,23895,99999,99999,99999,99999,99999,99999,99999,14,25
25152,22803,99999,100,100,100,100,100,100,0,0
25152,21316,99999,99999,99999,99999,99999,99999,99999,16,28
25152,24394,99999,99999,99999,99999,99999,99999,99999,151,260
25152,22861,99999,99999,99999,99999,99999,99999,99999,37,64
25152,23716,99999,99999,99999,99999,99999,99999,99999,339,582
25152,25038,99999,99999,99999,99999,99999,99999,99999,38,66
25152,23348,99999,100,100,100,100,100,100,6,12
25152,24172,99999,99999,99999,99999,99999,99999,99999,11,20
25152,19413,99999,99999,99999,99999,99999,99999,99999,98,169
25152,940,99999,99999,99999,99999,99999,99999,99999,138,238
25152,4425,99999,99999,99999,99999,99999,99999,99999,59,103
25152,22820,99999,99999,99999,99999,99999,99999,99999,204,352
25152,21367,99999,99999,99999,99999,99999,99999,99999,353,606
25152,23640,99999,99999,99999,99999,99999,99999,99999,146,251
25152,17606,99999,99999,99999,99999,99999,99999,99999,50,87
25152,6410,99999,99999,99999,99999,99999,99999,99999,94,162
25152,25167,99999,99999,99999,99999,99999,99999,99999,50,87
25152,14363,99999,100,100,100,100,100,100,6,12
25152,25181,99999,99999,99999,99999,99999,99999,99999,234,403
25152,21987,99999,99999,99999,99999,99999,99999,99999,27,48
25152,18240,99999,99999,99999,99999,99999,99999,99999,39,69
25152,23452,99999,99999,99999,99999,99999,99999,99999,60,104
25152,23080,99999,99999,99999,99999,99999,99999,99999,37,64
24444,16730,99999,100,100,100,100,100,100,6,11
24444,23895,99999,99999,99999,99999,99999,99999,99999,15,27
24444,22803,99999,100,100,100,100,100,100,3,7
24444,21316,99999,99999,99999,99999,99999,99999,99999,13,24
24444,24394,99999,99999,99999,99999,99999,99999,99999,149,257
24444,22861,99999,99999,99999,99999,99999,99999,99999,34,60
24444,23716,99999,99999,99999,99999,99999,99999,99999,333,572
24444,25038,99999,99999,99999,99999,99999,99999,99999,25,44
24444,23348,99999,100,100,100,100,100,100,8,15
24444,24172,99999,99999,99999,99999,99999,99999,99999,12,22
24444,19413,99999,99999,99999,99999,99999,99999,99999,92,158
24444,940,99999,99999,99999,99999,99999,99999,99999,141,244
24444,4425,99999,99999,99999,99999,99999,99999,99999,54,94
24444,22820,99999,99999,99999,99999,99999,99999,99999,202,348
24444,21367,99999,99999,99999,99999,99999,99999,99999,352,604
24444,23640,99999,99999,99999,99999,99999,99999,99999,147,253
24444,17606,99999,99999,99999,99999,99999,99999,99999,52,91
24444,6410,99999,99999,99999,99999,99999,99999,99999,76,132
24444,25167,99999,99999,99999,99999,99999,99999,99999,52,91
24444,14363,99999,100,100,100,100,100,100,8,15
24444,25181,99999,99999,99999,99999,99999,99999,99999,234,403
24444,21987,99999,100,100,100,100,100,100,9,18
24444,18240,99999,99999,99999,99999,99999,99999,99999,20,35
24444,23452,99999,99999,99999,99999,99999,99999,99999,73,127
24444,23080,99999,99999,99999,99999,99999,99999,99999,34,60
16730,23895,99999,99999,99999,99999,99999,99999,99999,17,31
16730,22803,99999,100,100,100,100,100,100,8,15
16730,21316,99999,100,100,100,100,100,100,8,15
16730,24394,99999,99999,99999,99999,99999,99999,99999,150,259
16730,22861,99999,99999,99999,99999,99999,99999,99999,40,70
16730,23716,99999,99999,99999,99999,99999,99999,99999,337,580
16730,25038,99999,99999,99999,99999,99999,99999,99999,19,33
16730,23348,99999,99999,99999,99999,99999,99999,99999,12,22
16730,24172,99999,99999,99999,99999,99999,99999,99999,12,22
16730,19413,99999,99999,99999,99999,99999,99999,99999,94,162
16730,940,99999,99999,99999,99999,99999,99999,99999,143,246
16730,4425,99999,99999,99999,99999,99999,99999,99999,51,89
16730,22820,99999,99999,99999,99999,99999,99999,99999,195,336
16730,21367,99999,99999,99999,99999,99999,99999,99999,356,612
16730,23640,99999,99999,99999,99999,99999,99999,99999,148,255
16730,17606,99999,99999,99999,99999,99999,99999,99999,49,86
16730,6410,99999,99999,99999,99999,99999,99999,99999,73,126
16730,25167,99999,99999,99999,99999,99999,99999,99999,49,86
16730,14363,99999,99999,99999,99999,99999,99999,99999,12,22
16730,25181,99999,99999,99999,99999,99999,99999,99999,239,411
16730,21987,99999,100,100,100,100,100,100,4,7
16730,18240,99999,99999,99999,99999,99999,99999,99999,25,43
16730,23452,99999,99999,99999,99999,99999,99999,99999,85,148
16730,23080,99999,99999,99999,99999,99999,99999,99999,40,70
23895,22803,99999,99999,99999,99999,99999,99999,99999,12,21
23895,21316,99999,99999,99999,99999,99999,99999,99999,19,34
23895,24394,99999,99999,99999,99999,99999,99999,99999,164,282
23895,22861,99999,99999,99999,99999,99999,99999,99999,34,59
23895,23716,99999,99999,99999,99999,99999,99999,99999,341,586
23895,25038,99999,99999,99999,99999,99999,99999,99999,31,54
23895,23348,99999,100,100,100,100,100,100,7,13
23895,24172,99999,100,100,100,100,100,100,6,12
23895,19413,99999,99999,99999,99999,99999,99999,99999,105,181
23895,940,99999,99999,99999,99999,99999,99999,99999,156,268
23895,4425,99999,99999,99999,99999,99999,99999,99999,69,120
23895,22820,99999,99999,99999,99999,99999,99999,99999,202,347
23895,21367,99999,99999,99999,99999,99999,99999,99999,360,618
23895,23640,99999,99999,99999,99999,99999,99999,99999,161,277
23895,17606,99999,99999,99999,99999,99999,99999,99999,43,75
23895,6410,99999,99999,99999,99999,99999,99999,99999,69,119
23895,25167,99999,99999,99999,99999,99999,99999,99999,43,75
23895,14363,99999,100,100,100,100,100,100,7,13
23895,25181,99999,99999,99999,99999,99999,99999,99999,243,418
23895,21987,99999,99999,99999,99999,99999,99999,99999,19,34
23895,18240,99999,99999,99999,99999,99999,99999,99999,30,52
23895,23452,99999,99999,99999,99999,99999,99999,99999,39,67
23895,23080,99999,99999,99999,99999,99999,99999,99999,34,59
22803,21316,99999,99999,99999,99999,99999,99999,99999,16,28
22803,24394,99999,99999,99999,99999,99999,99999,99999,151,260
22803,22861,99999,99999,99999,99999,99999,99999,99999,37,64
22803,23716,99999,99999,99999,99999,99999,99999,99999,339,582
22803,25038,99999,99999,99999,99999,99999,99999,99999,38,66
22803,23348,99999,100,100,100,100,100,100,6,12
22803,24172,99999,99999,99999,99999,99999,99999,99999,11,20
22803,19413,99999,99999,99999,99999,99999,99999,99999,98,169
22803,940,99999,99999,99999,99999,99999,99999,99999,138,238
22803,4425,99999,99999,99999,99999,99999,99999,99999,59,103
22803,22820,99999,99999,99999,99999,99999,99999,99999,204,352
22803,21367,99999,99999,99999,99999,99999,99999,99999,353,606
22803,23640,99999,99999,99999,99999,99999,99999,99999,146,251
22803,17606,99999,99999,99999,99999,99999,99999,99999,50,87
22803,6410,99999,99999,99999,99999,99999,99999,99999,94,162
22803,25167,99999,99999,99999,99999,99999,99999,99999,50,87
22803,14363,99999,100,100,100,100,100,100,6,12
22803,25181,99999,99999,99999,99999,99999,99999,99999,234,403
22803,21987,99999,99999,99999,99999,99999,99999,99999,27,48
22803,18240,99999,99999,99999,99999,99999,99999,99999,39,69
22803,23452,99999,99999,99999,99999,99999,99999,99999,60,104
22803,23080,99999,99999,99999,99999,99999,99999,99999,37,64
21316,24394,99999,99999,99999,99999,99999,99999,99999,166,285
21316,22861,99999,99999,99999,99999,99999,99999,99999,63,110
21316,23716,99999,99999,99999,99999,99999,99999,99999,365,628
21316,25038,99999,99999,99999,99999,99999,99999,99999,10,18
21316,23348,99999,99999,99999,99999,99999,99999,99999,27,48
21316,24172,99999,99999,99999,99999,99999,99999,99999,25,44
21316,19413,99999,99999,99999,99999,99999,99999,99999,112,194
21316,940,99999,99999,99999,99999,99999,99999,99999,153,263
21316,4425,99999,99999,99999,99999,99999,99999,99999,65,113
21316,22820,99999,99999,99999,99999,99999,99999,99999,219,377
21316,21367,99999,99999,99999,99999,99999,99999,99999,380,652
21316,23640,99999,99999,99999,99999,99999,99999,99999,160,276
21316,17606,99999,99999,99999,99999,99999,99999,99999,62,108
21316,6410,99999,99999,99999,99999,99999,99999,99999,88,153
21316,25167,99999,99999,99999,99999,99999,99999,99999,62,108
21316,14363,99999,99999,99999,99999,99999,99999,99999,27,48
21316,25181,99999,99999,99999,99999,99999,99999,99999,261,449
21316,21987,99999,99999,99999,99999,99999,99999,99999,20,36
21316,18240,99999,99999,99999,99999,99999,99999,99999,54,94
21316,23452,99999,99999,99999,99999,99999,99999,99999,101,174
21316,23080,99999,99999,99999,99999,99999,99999,99999,63,110
24394,22861,99999,99999,99999,99999,99999,99999,99999,167,287
24394,23716,99999,99999,99999,99999,99999,99999,99999,240,413
24394,25038,99999,99999,99999,99999,99999,99999,99999,166,285
24394,23348,99999,99999,99999,99999,99999,99999,99999,152,261
24394,24172,99999,99999,99999,99999,99999,99999,99999,156,269
24394,19413,99999,99999,99999,99999,99999,99999,99999,68,118
24394,940,99999,100,100,100,100,100,100,9,16
24394,4425,99999,99999,99999,99999,99999,99999,99999,111,192
24394,22820,99999,99999,99999,99999,99999,99999,99999,64,111
24394,21367,99999,99999,99999,99999,99999,99999,99999,254,437
24394,23640,99999,100,100,100,100,100,100,4,8
24394,17606,99999,99999,99999,99999,99999,99999,99999,218,375
24394,6410,99999,99999,99999,99999,99999,99999,99999,257,441
24394,25167,99999,99999,99999,99999,99999,99999,99999,218,375
24394,14363,99999,99999,99999,99999,99999,99999,99999,152,261
24394,25181,99999,99999,99999,99999,99999,99999,99999,167,287
24394,21987,99999,99999,99999,99999,99999,99999,99999,155,268
24394,18240,99999,99999,99999,99999,99999,99999,99999,140,242
24394,23452,99999,99999,99999,99999,99999,99999,99999,201,346
24394,23080,99999,99999,99999,99999,99999,99999,99999,167,287
22861,23716,99999,99999,99999,99999,99999,99999,99999,308,529
22861,25038,99999,99999,99999,99999,99999,99999,99999,63,108
22861,23348,99999,99999,99999,99999,99999,99999,99999,29,52
22861,24172,99999,99999,99999,99999,99999,99999,99999,36,63
22861,19413,99999,99999,99999,99999,99999,99999,99999,123,212
22861,940,99999,99999,99999,99999,99999,99999,99999,155,266
22861,4425,99999,99999,99999,99999,99999,99999,99999,84,145
22861,22820,99999,99999,99999,99999,99999,99999,99999,221,379
22861,21367,99999,99999,99999,99999,99999,99999,99999,322,553
22861,23640,99999,99999,99999,99999,99999,99999,99999,162,279
22861,17606,99999,99999,99999,99999,99999,99999,99999,75,131
22861,6410,99999,99999,99999,99999,99999,99999,99999,119,206
22861,25167,99999,99999,99999,99999,99999,99999,99999,75,131
22861,14363,99999,99999,99999,99999,99999,99999,99999,29,52
22861,25181,99999,99999,99999,99999,99999,99999,99999,203,350
22861,21987,99999,99999,99999,99999,99999,99999,99999,52,91
22861,18240,99999,99999,99999,99999,99999,99999,99999,26,45
22861,23452,99999,99999,99999,99999,99999,99999,99999,41,71
22861,23080,99999,100,100,100,100,100,100,0,0
23716,25038,99999,99999,99999,99999,99999,99999,99999,365,627
23716,23348,99999,99999,99999,99999,99999,99999,99999,331,569
23716,24172,99999,99999,99999,99999,99999,99999,99999,338,580
23716,19413,99999,99999,99999,99999,99999,99999,99999,281,483
23716,940,99999,99999,99999,99999,99999,99999,99999,239,411
23716,4425,99999,99999,99999,99999,99999,99999,99999,354,608
23716,22820,99999,99999,99999,99999,99999,99999,99999,291,501
23716,21367,99999,99999,99999,99999,99999,99999,99999,26,46
23716,23640,99999,99999,99999,99999,99999,99999,99999,237,408
23716,17606,99999,99999,99999,99999,99999,99999,99999,378,649
23716,6410,99999,99999,99999,99999,99999,99999,99999,421,724
23716,25167,99999,99999,99999,99999,99999,99999,99999,378,649
23716,14363,99999,99999,99999,99999,99999,99999,99999,331,569
23716,25181,99999,99999,99999,99999,99999,99999,99999,104,179
23716,21987,99999,99999,99999,99999,99999,99999,99999,354,609
23716,18240,99999,99999,99999,99999,99999,99999,99999,316,543
23716,23452,99999,99999,99999,99999,99999,99999,99999,342,587
23716,23080,99999,99999,99999,99999,99999,99999,99999,307,528
25038,23348,99999,99999,99999,99999,99999,99999,99999,29,51
25038,24172,99999,99999,99999,99999,99999,99999,99999,24,42
25038,19413,99999,99999,99999,99999,99999,99999,99999,105,181
25038,940,99999,99999,99999,99999,99999,99999,99999,150,259
25038,4425,99999,99999,99999,99999,99999,99999,99999,49,85
25038,22820,99999,99999,99999,99999,99999,99999,99999,218,375
25038,21367,99999,99999,99999,99999,99999,99999,99999,371,638
25038,23640,99999,99999,99999,99999,99999,99999,99999,156,268
25038,17606,99999,99999,99999,99999,99999,99999,99999,42,73
25038,6410,99999,99999,99999,99999,99999,99999,99999,60,105
25038,25167,99999,99999,99999,99999,99999,99999,99999,42,73
25038,14363,99999,99999,99999,99999,99999,99999,99999,29,51
25038,25181,99999,99999,99999,99999,99999,99999,99999,254,437
25038,21987,99999,99999,99999,99999,99999,99999,99999,15,27
25038,18240,99999,99999,99999,99999,99999,99999,99999,43,75
25038,23452,99999,99999,99999,99999,99999,99999,99999,100,172
25038,23080,99999,99999,99999,99999,99999,99999,99999,59,103
23348,24172,99999,100,100,100,100,100,100,9,16
23348,19413,99999,99999,99999,99999,99999,99999,99999,104,180
23348,940,99999,99999,99999,99999,99999,99999,99999,145,249
23348,4425,99999,99999,99999,99999,99999,99999,99999,66,114
23348,22820,99999,99999,99999,99999,99999,99999,99999,211,363
23348,21367,99999,99999,99999,99999,99999,99999,99999,345,592
23348,23640,99999,99999,99999,99999,99999,99999,99999,152,262
23348,17606,99999,99999,99999,99999,99999,99999,99999,54,94
23348,6410,99999,99999,99999,99999,99999,99999,99999,98,169
23348,25167,99999,99999,99999,99999,99999,99999,99999,54,94
23348,14363,99999,100,100,100,100,100,100,0,0
23348,25181,99999,99999,99999,99999,99999,99999,99999,226,389
23348,21987,99999,99999,99999,99999,99999,99999,99999,16,29
23348,18240,99999,99999,99999,99999,99999,99999,99999,25,44
23348,23452,99999,99999,99999,99999,99999,99999,99999,54,94
23348,23080,99999,99999,99999,99999,99999,99999,99999,28,50
24172,19413,99999,99999,99999,99999,99999,99999,99999,104,180
24172,940,99999,99999,99999,99999,99999,99999,99999,154,265
24172,4425,99999,99999,99999,99999,99999,99999,99999,64,111
24172,22820,99999,99999,99999,99999,99999,99999,99999,199,342
24172,21367,99999,99999,99999,99999,99999,99999,99999,351,604
24172,23640,99999,99999,99999,99999,99999,99999,99999,159,274
24172,17606,99999,99999,99999,99999,99999,99999,99999,41,71
24172,6410,99999,99999,99999,99999,99999,99999,99999,66,114
24172,25167,99999,99999,99999,99999,99999,99999,99999,41,71
24172,14363,99999,100,100,100,100,100,100,8,16
24172,25181,99999,99999,99999,99999,99999,99999,99999,245,422
24172,21987,99999,99999,99999,99999,99999,99999,99999,13,23
24172,18240,99999,99999,99999,99999,99999,99999,99999,40,70
24172,23452,99999,99999,99999,99999,99999,99999,99999,46,79
24172,23080,99999,99999,99999,99999,99999,99999,99999,39,68
19413,940,99999,99999,99999,99999,99999,99999,99999,56,96
19413,4425,99999,99999,99999,99999,99999,99999,99999,80,138
19413,22820,99999,99999,99999,99999,99999,99999,99999,122,210
19413,21367,99999,99999,99999,99999,99999,99999,99999,293,503
19413,23640,99999,99999,99999,99999,99999,99999,99999,63,109
19413,17606,99999,99999,99999,99999,99999,99999,99999,165,283
19413,6410,99999,99999,99999,99999,99999,99999,99999,203,350
19413,25167,99999,99999,99999,99999,99999,99999,99999,165,283
19413,14363,99999,99999,99999,99999,99999,99999,99999,98,170
19413,25181,99999,99999,99999,99999,99999,99999,99999,174,300
19413,21987,99999,99999,99999,99999,99999,99999,99999,102,176
19413,18240,99999,99999,99999,99999,99999,99999,99999,87,150
19413,23452,99999,99999,99999,99999,99999,99999,99999,133,229
19413,23080,99999,99999,99999,99999,99999,99999,99999,99,170
940,4425,99999,99999,99999,99999,99999,99999,99999,104,180
940,22820,99999,99999,99999,99999,99999,99999,99999,62,108
940,21367,99999,99999,99999,99999,99999,99999,99999,253,436
940,23640,99999,100,100,100,100,100,100,5,11
940,17606,99999,99999,99999,99999,99999,99999,99999,205,353
940,6410,99999,99999,99999,99999,99999,99999,99999,244,420
940,25167,99999,99999,99999,99999,99999,99999,99999,205,353
940,14363,99999,99999,99999,99999,99999,99999,99999,139,240
940,25181,99999,99999,99999,99999,99999,99999,99999,170,292
940,21987,99999,99999,99999,99999,99999,99999,99999,143,246
940,18240,99999,99999,99999,99999,99999,99999,99999,128,220
940,23452,99999,99999,99999,99999,99999,99999,99999,189,325
940,23080,99999,99999,99999,99999,99999,99999,99999,154,266
4425,22820,99999,99999,99999,99999,99999,99999,99999,152,263
4425,21367,99999,99999,99999,99999,99999,99999,99999,368,633
4425,23640,99999,99999,99999,99999,99999,99999,99999,114,197
4425,17606,99999,99999,99999,99999,99999,99999,99999,117,201
4425,6410,99999,99999,99999,99999,99999,99999,99999,143,246
4425,25167,99999,99999,99999,99999,99999,99999,99999,117,201
4425,14363,99999,99999,99999,99999,99999,99999,99999,66,114
4425,25181,99999,99999,99999,99999,99999,99999,99999,250,429
4425,21987,99999,99999,99999,99999,99999,99999,99999,54,94
4425,18240,99999,99999,99999,99999,99999,99999,99999,60,104
4425,23452,99999,99999,99999,99999,99999,99999,99999,121,208
4425,23080,99999,99999,99999,99999,99999,99999,99999,83,144
22820,21367,99999,99999,99999,99999,99999,99999,99999,278,478
22820,23640,99999,99999,99999,99999,99999,99999,99999,67,116
22820,17606,99999,99999,99999,99999,99999,99999,99999,271,466
22820,6410,99999,99999,99999,99999,99999,99999,99999,245,421
22820,25167,99999,99999,99999,99999,99999,99999,99999,271,466
22820,14363,99999,99999,99999,99999,99999,99999,99999,195,335
22820,25181,99999,99999,99999,99999,99999,99999,99999,220,378
22820,21987,99999,99999,99999,99999,99999,99999,99999,209,359
22820,18240,99999,99999,99999,99999,99999,99999,99999,177,304
22820,23452,99999,99999,99999,99999,99999,99999,99999,255,438
22820,23080,99999,99999,99999,99999,99999,99999,99999,220,379
21367,23640,99999,99999,99999,99999,99999,99999,99999,251,432
21367,17606,99999,99999,99999,99999,99999,99999,99999,392,673
21367,6410,99999,99999,99999,99999,99999,99999,99999,436,748
21367,25167,99999,99999,99999,99999,99999,99999,99999,392,673
21367,14363,99999,99999,99999,99999,99999,99999,99999,346,594
21367,25181,99999,99999,99999,99999,99999,99999,99999,118,204
21367,21987,99999,99999,99999,99999,99999,99999,99999,369,633
21367,18240,99999,99999,99999,99999,99999,99999,99999,330,567
21367,23452,99999,99999,99999,99999,99999,99999,99999,356,611
21367,23080,99999,99999,99999,99999,99999,99999,99999,321,552
23640,17606,99999,99999,99999,99999,99999,99999,99999,212,365
23640,6410,99999,99999,99999,99999,99999,99999,99999,251,432
23640,25167,99999,99999,99999,99999,99999,99999,99999,212,365
23640,14363,99999,99999,99999,99999,99999,99999,99999,146,252
23640,25181,99999,99999,99999,99999,99999,99999,99999,164,283
23640,21987,99999,99999,99999,99999,99999,99999,99999,150,258
23640,18240,99999,99999,99999,99999,99999,99999,99999,135,232
23640,23452,99999,99999,99999,99999,99999,99999,99999,196,337
23640,23080,99999,99999,99999,99999,99999,99999,99999,161,278
17606,6410,99999,99999,99999,99999,99999,99999,99999,29,50
17606,25167,99999,100,100,100,100,100,100,0,0
17606,14363,99999,99999,99999,99999,99999,99999,99999,54,94
17606,25181,99999,99999,99999,99999,99999,99999,99999,273,470
17606,21987,99999,99999,99999,99999,99999,99999,99999,52,90
17606,18240,99999,99999,99999,99999,99999,99999,99999,81,140
17606,23452,99999,99999,99999,99999,99999,99999,99999,69,119
17606,23080,99999,99999,99999,99999,99999,99999,99999,75,131
6410,25167,99999,99999,99999,99999,99999,99999,99999,29,50
6410,14363,99999,99999,99999,99999,99999,99999,99999,98,169
6410,25181,99999,99999,99999,99999,99999,99999,99999,317,545
6410,21987,99999,99999,99999,99999,99999,99999,99999,95,165
6410,18240,99999,99999,99999,99999,99999,99999,99999,124,214
6410,23452,99999,99999,99999,99999,99999,99999,99999,105,181
6410,23080,99999,99999,99999,99999,99999,99999,99999,119,206
25167,14363,99999,99999,99999,99999,99999,99999,99999,54,94
25167,25181,99999,99999,99999,99999,99999,99999,99999,273,470
25167,21987,99999,99999,99999,99999,99999,99999,99999,52,90
25167,18240,99999,99999,99999,99999,99999,99999,99999,81,140
25167,23452,99999,99999,99999,99999,99999,99999,99999,69,119
25167,23080,99999,99999,99999,99999,99999,99999,99999,75,131
14363,25181,99999,99999,99999,99999,99999,99999,99999,226,389
14363,21987,99999,99999,99999,99999,99999,99999,99999,16,29
14363,18240,99999,99999,99999,99999,99999,99999,99999,25,44
14363,23452,99999,99999,99999,99999,99999,99999,99999,54,94
14363,23080,99999,99999,99999,99999,99999,99999,99999,28,50
25181,21987,99999,99999,99999,99999,99999,99999,99999,242,417
25181,18240,99999,99999,99999,99999,99999,99999,99999,211,364
25181,23452,99999,99999,99999,99999,99999,99999,99999,234,403
25181,23080,99999,99999,99999,99999,99999,99999,99999,212,365
21987,18240,99999,99999,99999,99999,99999,99999,99999,44,76
21987,23452,99999,99999,99999,99999,99999,99999,99999,57,99
21987,23080,99999,99999,99999,99999,99999,99999,99999,53,92
18240,23452,99999,99999,99999,99999,99999,99999,99999,54,95
18240,23080,99999,99999,99999,99999,99999,99999,99999,26,45
23452,23080,99999,99999,99999,99999,99999,99999,99999,30,53
23029,23029,0,0,0,0,0,0,0,0,0
15457,15457,0,0,0,0,0,0,0,0,0
23688,23688,0,0,0,0,0,0,0,0,0
25110,25110,0,0,0,0,0,0,0,0,0
22196,22196,0,0,0,0,0,0,0,0,0
23717,23717,0,0,0,0,0,0,0,0,0
24170,24170,0,0,0,0,0,0,0,0,0
22693,22693,0,0,0,0,0,0,0,0,0
23711,23711,0,0,0,0,0,0,0,0,0
24051,24051,0,0,0,0,0,0,0,0,0
2651,2651,0,0,0,0,0,0,0,0,0
23894,23894,0,0,0,0,0,0,0,0,0
24698,24698,0,0,0,0,0,0,0,0,0
958,958,0,0,0,0,0,0,0,0,0
25152,25152,0,0,0,0,0,0,0,0,0
24444,24444,0,0,0,0,0,0,0,0,0
16730,16730,0,0,0,0,0,0,0,0,0
23895,23895,0,0,0,0,0,0,0,0,0
22803,22803,0,0,0,0,0,0,0,0,0
21316,21316,0,0,0,0,0,0,0,0,0
24394,24394,0,0,0,0,0,0,0,0,0
22861,22861,0,0,0,0,0,0,0,0,0
23716,23716,0,0,0,0,0,0,0,0,0
25038,25038,0,0,0,0,0,0,0,0,0
23348,23348,0,0,0,0,0,0,0,0,0
24172,24172,0,0,0,0,0,0,0,0,0
19413,19413,0,0,0,0,0,0,0,0,0
940,940,0,0,0,0,0,0,0,0,0
4425,4425,0,0,0,0,0,0,0,0,0
22820,22820,0,0,0,0,0,0,0,0,0
21367,21367,0,0,0,0,0,0,0,0,0
23640,23640,0,0,0,0,0,0,0,0,0
17606,17606,0,0,0,0,0,0,0,0,0
6410,6410,0,0,0,0,0,0,0,0,0
25167,25167,0,0,0,0,0,0,0,0,0
14363,14363,0,0,0,0,0,0,0,0,0
25181,25181,0,0,0,0,0,0,0,0,0
21987,21987,0,0,0,0,0,0,0,0,0
18240,18240,0,0,0,0,0,0,0,0,0
23452,23452,0,0,0,0,0,0,0,0,0
23080,23080,0,0,0,0,0,0,0,0,0
0,0,0,0,0,0,0,0,0,0,0